Destinasi,Jenis Wisata,Jumlah Fasilitas,Fitur Konten
Embung Nglanggeran,Taman Rekreasi,7,wisata:taman_rekreasi fasilitas:toilet fasilitas:tempat_sampah fasilitas:cctv fasilitas:area_parkir fasilitas:area_makanan_kafetaria_restoran fasilitas:ruang_ibadah fasilitas:area_istirahat_pengunjung
Grand Puri Waterpark,Taman Rekreasi,7,wisata:taman_rekreasi fasilitas:toilet fasilitas:tempat_sampah fasilitas:cctv fasilitas:area_parkir fasilitas:area_makanan_kafetaria_restoran fasilitas:ruang_ibadah fasilitas:area_istirahat_pengunjung
Embung Jlamprong,Taman Rekreasi,7,wisata:taman_rekreasi fasilitas:toilet fasilitas:tempat_sampah fasilitas:cctv fasilitas:area_parkir fasilitas:area_makanan_kafetaria_restoran fasilitas:ruang_ibadah fasilitas:area_istirahat_pengunjung
Taman Jamu Naturindo,Taman Rekreasi,7,wisata:taman_rekreasi fasilitas:toilet fasilitas:tempat_sampah fasilitas:cctv fasilitas:area_parkir fasilitas:area_makanan_kafetaria_restoran fasilitas:ruang_ibadah fasilitas:area_istirahat_pengunjung
Taman Tebing Breksi,Taman Rekreasi,7,wisata:taman_rekreasi fasilitas:toilet fasilitas:tempat_sampah fasilitas:cctv fasilitas:area_parkir fasilitas:area_makanan_kafetaria_restoran fasilitas:ruang_ibadah fasilitas:area_istirahat_pengunjung
Ekowisata Nologaten,Taman Rekreasi,7,wisata:taman_rekreasi fasilitas:toilet fasilitas:tempat_sampah fasilitas:cctv fasilitas:area_parkir fasilitas:area_makanan_kafetaria_restoran fasilitas:ruang_ibadah fasilitas:area_istirahat_pengunjung
Jogja Mini Zoo Exotarium,Taman Rekreasi,7,wisata:taman_rekreasi fasilitas:toilet fasilitas:tempat_sampah fasilitas:cctv fasilitas:area_parkir fasilitas:area_makanan_kafetaria_restoran fasilitas:ruang_ibadah fasilitas:area_istirahat_pengunjung
Embung Batara Sriten,Taman Rekreasi,7,wisata:taman_rekreasi fasilitas:toilet fasilitas:tempat_sampah fasilitas:cctv fasilitas:area_parkir fasilitas:area_makanan_kafetaria_restoran fasilitas:ruang_ibadah fasilitas:area_istirahat_pengunjung
Lembah Sorory,Taman Rekreasi,7,wisata:taman_rekreasi fasilitas:toilet fasilitas:tempat_sampah fasilitas:cctv fasilitas:area_parkir fasilitas:area_makanan_kafetaria_restoran fasilitas:ruang_ibadah fasilitas:area_istirahat_pengunjung
Bejiharjo Edupark,Taman Rekreasi,7,wisata:taman_rekreasi fasilitas:toilet fasilitas:tempat_sampah fasilitas:cctv fasilitas:area_parkir fasilitas:area_makanan_kafetaria_restoran fasilitas:ruang_ibadah fasilitas:area_istirahat_pengunjung
The Manglung View,Taman Rekreasi,7,wisata:taman_rekreasi fasilitas:toilet fasilitas:tempat_sampah fasilitas:cctv fasilitas:area_parkir fasilitas:area_makanan_kafetaria_restoran fasilitas:ruang_ibadah fasilitas:area_istirahat_pengunjung
Bendungan Kamijoro,Taman Rekreasi,7,wisata:taman_rekreasi fasilitas:toilet fasilitas:tempat_sampah fasilitas:cctv fasilitas:area_parkir fasilitas:area_makanan_kafetaria_restoran fasilitas:ruang_ibadah fasilitas:area_istirahat_pengunjung
Wisata Bojong Asri,Taman Rekreasi,7,wisata:taman_rekreasi fasilitas:toilet fasilitas:tempat_sampah fasilitas:cctv fasilitas:area_parkir fasilitas:area_makanan_kafetaria_restoran fasilitas:ruang_ibadah fasilitas:area_istirahat_pengunjung
Gamplong Studio Alam Sleman,Taman Rekreasi,7,wisata:taman_rekreasi fasilitas:toilet fasilitas:tempat_sampah fasilitas:cctv fasilitas:area_parkir fasilitas:area_makanan_kafetaria_restoran fasilitas:ruang_ibadah fasilitas:area_istirahat_pengunjung
Ledok Sambi Ecopark,Taman Rekreasi,7,wisata:taman_rekreasi fasilitas:toilet fasilitas:tempat_sampah fasilitas:cctv fasilitas:area_parkir fasilitas:area_makanan_kafetaria_restoran fasilitas:ruang_ibadah fasilitas:area_istirahat_pengunjung
De Mangol View,Taman Rekreasi,7,wisata:taman_rekreasi fasilitas:toilet fasilitas:tempat_sampah fasilitas:cctv fasilitas:area_parkir fasilitas:area_makanan_kafetaria_restoran fasilitas:ruang_ibadah fasilitas:area_istirahat_pengunjung
Waduk Sermo ,Taman Rekreasi,7,wisata:taman_rekreasi fasilitas:toilet fasilitas:tempat_sampah fasilitas:cctv fasilitas:area_parkir fasilitas:area_makanan_kafetaria_restoran fasilitas:ruang_ibadah fasilitas:area_istirahat_pengunjung
Suraloka Interactive Zoo,Taman Rekreasi,7,wisata:taman_rekreasi fasilitas:toilet fasilitas:tempat_sampah fasilitas:cctv fasilitas:area_parkir fasilitas:area_makanan_kafetaria_restoran fasilitas:ruang_ibadah fasilitas:area_istirahat_pengunjung
Obelix Village,Taman Rekreasi,7,wisata:taman_rekreasi fasilitas:toilet fasilitas:tempat_sampah fasilitas:cctv fasilitas:area_parkir fasilitas:area_makanan_kafetaria_restoran fasilitas:ruang_ibadah fasilitas:area_istirahat_pengunjung
Galaxy Waterpark Jogja,Taman Rekreasi,7,wisata:taman_rekreasi fasilitas:toilet fasilitas:tempat_sampah fasilitas:cctv fasilitas:area_parkir fasilitas:area_makanan_kafetaria_restoran fasilitas:ruang_ibadah fasilitas:area_istirahat_pengunjung
He Ha Sky View,Taman Rekreasi,7,wisata:taman_rekreasi fasilitas:toilet fasilitas:tempat_sampah fasilitas:cctv fasilitas:area_parkir fasilitas:area_makanan_kafetaria_restoran fasilitas:ruang_ibadah fasilitas:area_istirahat_pengunjung
Jogja Agro Park ,Taman Rekreasi,7,wisata:taman_rekreasi fasilitas:toilet fasilitas:tempat_sampah fasilitas:cctv fasilitas:area_parkir fasilitas:area_makanan_kafetaria_restoran fasilitas:ruang_ibadah fasilitas:area_istirahat_pengunjung
Embung Tonogoro ,Taman Rekreasi,7,wisata:taman_rekreasi fasilitas:toilet fasilitas:tempat_sampah fasilitas:cctv fasilitas:area_parkir fasilitas:area_makanan_kafetaria_restoran fasilitas:ruang_ibadah fasilitas:area_istirahat_pengunjung
Stone Valley,Taman Rekreasi,7,wisata:taman_rekreasi fasilitas:toilet fasilitas:tempat_sampah fasilitas:cctv fasilitas:area_parkir fasilitas:area_makanan_kafetaria_restoran fasilitas:ruang_ibadah fasilitas:area_istirahat_pengunjung
Agrowisata Bhumi Merapi ,Taman Rekreasi,7,wisata:taman_rekreasi fasilitas:toilet fasilitas:tempat_sampah fasilitas:cctv fasilitas:area_parkir fasilitas:area_makanan_kafetaria_restoran fasilitas:ruang_ibadah fasilitas:area_istirahat_pengunjung
The World Landmark Merapi Park,Taman Rekreasi,7,wisata:taman_rekreasi fasilitas:toilet fasilitas:tempat_sampah fasilitas:cctv fasilitas:area_parkir fasilitas:area_makanan_kafetaria_restoran fasilitas:ruang_ibadah fasilitas:area_istirahat_pengunjung
Kampung Emas,Taman Rekreasi,7,wisata:taman_rekreasi fasilitas:toilet fasilitas:tempat_sampah fasilitas:cctv fasilitas:area_parkir fasilitas:area_makanan_kafetaria_restoran fasilitas:ruang_ibadah fasilitas:area_istirahat_pengunjung
Taman Pintar,Taman Rekreasi,7,wisata:taman_rekreasi fasilitas:toilet fasilitas:tempat_sampah fasilitas:cctv fasilitas:area_parkir fasilitas:area_makanan_kafetaria_restoran fasilitas:ruang_ibadah fasilitas:area_istirahat_pengunjung
Embung Kleco,Taman Rekreasi,7,wisata:taman_rekreasi fasilitas:toilet fasilitas:tempat_sampah fasilitas:cctv fasilitas:area_parkir fasilitas:area_makanan_kafetaria_restoran fasilitas:ruang_ibadah fasilitas:area_istirahat_pengunjung
Gembira Loka Zoo,Taman Rekreasi,7,wisata:taman_rekreasi fasilitas:toilet fasilitas:tempat_sampah fasilitas:cctv fasilitas:area_parkir fasilitas:area_makanan_kafetaria_restoran fasilitas:ruang_ibadah fasilitas:area_istirahat_pengunjung
Kaliurang Park Botanical Garden ,Taman Rekreasi,7,wisata:taman_rekreasi fasilitas:toilet fasilitas:tempat_sampah fasilitas:cctv fasilitas:area_parkir fasilitas:area_makanan_kafetaria_restoran fasilitas:ruang_ibadah fasilitas:area_istirahat_pengunjung
Satoloka,Taman Rekreasi,7,wisata:taman_rekreasi fasilitas:toilet fasilitas:tempat_sampah fasilitas:cctv fasilitas:area_parkir fasilitas:area_makanan_kafetaria_restoran fasilitas:ruang_ibadah fasilitas:area_istirahat_pengunjung
Drini Park,Taman Rekreasi,7,wisata:taman_rekreasi fasilitas:toilet fasilitas:tempat_sampah fasilitas:cctv fasilitas:area_parkir fasilitas:area_makanan_kafetaria_restoran fasilitas:ruang_ibadah fasilitas:area_istirahat_pengunjung
Telaga Kemuning,Taman Rekreasi,7,wisata:taman_rekreasi fasilitas:toilet fasilitas:tempat_sampah fasilitas:cctv fasilitas:area_parkir fasilitas:area_makanan_kafetaria_restoran fasilitas:ruang_ibadah fasilitas:area_istirahat_pengunjung
Omah Salak,Taman Rekreasi,7,wisata:taman_rekreasi fasilitas:toilet fasilitas:tempat_sampah fasilitas:cctv fasilitas:area_parkir fasilitas:area_makanan_kafetaria_restoran fasilitas:ruang_ibadah fasilitas:area_istirahat_pengunjung
HEHA Forest,Taman Rekreasi,7,wisata:taman_rekreasi fasilitas:toilet fasilitas:tempat_sampah fasilitas:cctv fasilitas:area_parkir fasilitas:area_makanan_kafetaria_restoran fasilitas:ruang_ibadah fasilitas:area_istirahat_pengunjung
He Ha Ocean View,Taman Rekreasi,7,wisata:taman_rekreasi fasilitas:toilet fasilitas:tempat_sampah fasilitas:cctv fasilitas:area_parkir fasilitas:area_makanan_kafetaria_restoran fasilitas:ruang_ibadah fasilitas:area_istirahat_pengunjung
Pictniq,Taman Rekreasi,7,wisata:taman_rekreasi fasilitas:toilet fasilitas:tempat_sampah fasilitas:cctv fasilitas:area_parkir fasilitas:area_makanan_kafetaria_restoran fasilitas:ruang_ibadah fasilitas:area_istirahat_pengunjung
Teras Kaca,Taman Rekreasi,7,wisata:taman_rekreasi fasilitas:toilet fasilitas:tempat_sampah fasilitas:cctv fasilitas:area_parkir fasilitas:area_makanan_kafetaria_restoran fasilitas:ruang_ibadah fasilitas:area_istirahat_pengunjung
Pasar Seni Gabusan ,Taman Rekreasi,7,wisata:taman_rekreasi fasilitas:toilet fasilitas:tempat_sampah fasilitas:cctv fasilitas:area_parkir fasilitas:area_makanan_kafetaria_restoran fasilitas:ruang_ibadah fasilitas:area_istirahat_pengunjung
Aloe Land,Taman Rekreasi,7,wisata:taman_rekreasi fasilitas:toilet fasilitas:tempat_sampah fasilitas:cctv fasilitas:area_parkir fasilitas:area_makanan_kafetaria_restoran fasilitas:ruang_ibadah fasilitas:area_istirahat_pengunjung
Wana Delima Orchard,Taman Rekreasi,7,wisata:taman_rekreasi fasilitas:toilet fasilitas:tempat_sampah fasilitas:cctv fasilitas:area_parkir fasilitas:area_makanan_kafetaria_restoran fasilitas:ruang_ibadah fasilitas:area_istirahat_pengunjung
Etalase Taman Batu Geopark Gunung Sewu,Taman Rekreasi,7,wisata:taman_rekreasi fasilitas:toilet fasilitas:tempat_sampah fasilitas:cctv fasilitas:area_parkir fasilitas:area_makanan_kafetaria_restoran fasilitas:ruang_ibadah fasilitas:area_istirahat_pengunjung
Chocolate Monggo Museum New Factory Store Kedai & Gelato,Taman Rekreasi,7,wisata:taman_rekreasi fasilitas:toilet fasilitas:tempat_sampah fasilitas:cctv fasilitas:area_parkir fasilitas:area_makanan_kafetaria_restoran fasilitas:ruang_ibadah fasilitas:area_istirahat_pengunjung
Citra Grand Mutiara Waterpark Yogyakarta,Taman Rekreasi,7,wisata:taman_rekreasi fasilitas:toilet fasilitas:tempat_sampah fasilitas:cctv fasilitas:area_parkir fasilitas:area_makanan_kafetaria_restoran fasilitas:ruang_ibadah fasilitas:area_istirahat_pengunjung
Agro wisata Turi,Taman Rekreasi,7,wisata:taman_rekreasi fasilitas:toilet fasilitas:tempat_sampah fasilitas:cctv fasilitas:area_parkir fasilitas:area_makanan_kafetaria_restoran fasilitas:ruang_ibadah fasilitas:area_istirahat_pengunjung
Kolam Renang Tirto Tamansari,Taman Rekreasi,7,wisata:taman_rekreasi fasilitas:toilet fasilitas:tempat_sampah fasilitas:cctv fasilitas:area_parkir fasilitas:area_makanan_kafetaria_restoran fasilitas:ruang_ibadah fasilitas:area_istirahat_pengunjung
Sindu Kusuma Edupark,Taman Rekreasi,7,wisata:taman_rekreasi fasilitas:toilet fasilitas:tempat_sampah fasilitas:cctv fasilitas:area_parkir fasilitas:area_makanan_kafetaria_restoran fasilitas:ruang_ibadah fasilitas:area_istirahat_pengunjung
Balong Waterpark,Taman Rekreasi,7,wisata:taman_rekreasi fasilitas:toilet fasilitas:tempat_sampah fasilitas:cctv fasilitas:area_parkir fasilitas:area_makanan_kafetaria_restoran fasilitas:ruang_ibadah fasilitas:area_istirahat_pengunjung
Kids fun Park,Taman Rekreasi,7,wisata:taman_rekreasi fasilitas:toilet fasilitas:tempat_sampah fasilitas:cctv fasilitas:area_parkir fasilitas:area_makanan_kafetaria_restoran fasilitas:ruang_ibadah fasilitas:area_istirahat_pengunjung
Obelix Sea View,Taman Rekreasi,7,wisata:taman_rekreasi fasilitas:toilet fasilitas:tempat_sampah fasilitas:cctv fasilitas:area_parkir fasilitas:area_makanan_kafetaria_restoran fasilitas:ruang_ibadah fasilitas:area_istirahat_pengunjung
Sadranan Park,Taman Rekreasi,7,wisata:taman_rekreasi fasilitas:toilet fasilitas:tempat_sampah fasilitas:cctv fasilitas:area_parkir fasilitas:area_makanan_kafetaria_restoran fasilitas:ruang_ibadah fasilitas:area_istirahat_pengunjung
Waterbom Jogja,Taman Rekreasi,7,wisata:taman_rekreasi fasilitas:toilet fasilitas:tempat_sampah fasilitas:cctv fasilitas:area_parkir fasilitas:area_makanan_kafetaria_restoran fasilitas:ruang_ibadah fasilitas:area_istirahat_pengunjung
Waterbyur ,Taman Rekreasi,7,wisata:taman_rekreasi fasilitas:toilet fasilitas:tempat_sampah fasilitas:cctv fasilitas:area_parkir fasilitas:area_makanan_kafetaria_restoran fasilitas:ruang_ibadah fasilitas:area_istirahat_pengunjung
Obelix Hills,Taman Rekreasi,7,wisata:taman_rekreasi fasilitas:toilet fasilitas:tempat_sampah fasilitas:cctv fasilitas:area_parkir fasilitas:area_makanan_kafetaria_restoran fasilitas:ruang_ibadah fasilitas:area_istirahat_pengunjung
Bunga Chrysant,Taman Rekreasi,7,wisata:taman_rekreasi fasilitas:toilet fasilitas:tempat_sampah fasilitas:cctv fasilitas:area_parkir fasilitas:area_makanan_kafetaria_restoran fasilitas:ruang_ibadah fasilitas:area_istirahat_pengunjung
Teras Merapi,Alam,7,wisata:alam fasilitas:toilet fasilitas:tempat_sampah fasilitas:cctv fasilitas:area_parkir fasilitas:area_makanan_kafetaria_restoran fasilitas:ruang_ibadah fasilitas:area_istirahat_pengunjung
Pantai Mesra,Alam,7,wisata:alam fasilitas:toilet fasilitas:tempat_sampah fasilitas:cctv fasilitas:area_parkir fasilitas:area_makanan_kafetaria_restoran fasilitas:ruang_ibadah fasilitas:area_istirahat_pengunjung
Hutan Pinus Mangunan (Hutan Pinus Sari),Alam,7,wisata:alam fasilitas:toilet fasilitas:tempat_sampah fasilitas:cctv fasilitas:area_parkir fasilitas:area_makanan_kafetaria_restoran fasilitas:ruang_ibadah fasilitas:area_istirahat_pengunjung
Pantai Kayu Arum ,Alam,7,wisata:alam fasilitas:toilet fasilitas:tempat_sampah fasilitas:cctv fasilitas:area_parkir fasilitas:area_makanan_kafetaria_restoran fasilitas:ruang_ibadah fasilitas:area_istirahat_pengunjung
Museum Muhammadiyah ,Sejarah,7,wisata:sejarah fasilitas:toilet fasilitas:tempat_sampah fasilitas:cctv fasilitas:area_parkir fasilitas:area_makanan_kafetaria_restoran fasilitas:ruang_ibadah fasilitas:area_istirahat_pengunjung
Seribu Batu Songgolangit ,Alam,7,wisata:alam fasilitas:toilet fasilitas:tempat_sampah fasilitas:cctv fasilitas:area_parkir fasilitas:area_makanan_kafetaria_restoran fasilitas:ruang_ibadah fasilitas:area_istirahat_pengunjung
Grojogan Watu Purba ,Alam,7,wisata:alam fasilitas:toilet fasilitas:tempat_sampah fasilitas:cctv fasilitas:area_parkir fasilitas:area_makanan_kafetaria_restoran fasilitas:ruang_ibadah fasilitas:area_istirahat_pengunjung
Perbukitan Widosari,Alam,7,wisata:alam fasilitas:toilet fasilitas:tempat_sampah fasilitas:cctv fasilitas:area_parkir fasilitas:area_makanan_kafetaria_restoran fasilitas:ruang_ibadah fasilitas:area_istirahat_pengunjung
Museum TNI AD Dharma Wiratama,Sejarah,7,wisata:sejarah fasilitas:toilet fasilitas:tempat_sampah fasilitas:cctv fasilitas:area_parkir fasilitas:area_makanan_kafetaria_restoran fasilitas:ruang_ibadah fasilitas:area_istirahat_pengunjung
Museum Laboratorium Sejarah UPY,Sejarah,7,wisata:sejarah fasilitas:toilet fasilitas:tempat_sampah fasilitas:cctv fasilitas:area_parkir fasilitas:area_makanan_kafetaria_restoran fasilitas:ruang_ibadah fasilitas:area_istirahat_pengunjung
Pantai Ngetun,Alam,7,wisata:alam fasilitas:toilet fasilitas:tempat_sampah fasilitas:cctv fasilitas:area_parkir fasilitas:area_makanan_kafetaria_restoran fasilitas:ruang_ibadah fasilitas:area_istirahat_pengunjung
Rumah Sandi Negara,Sejarah,7,wisata:sejarah fasilitas:toilet fasilitas:tempat_sampah fasilitas:cctv fasilitas:area_parkir fasilitas:area_makanan_kafetaria_restoran fasilitas:ruang_ibadah fasilitas:area_istirahat_pengunjung
Air Terjun Curug Sidoharjo,Alam,7,wisata:alam fasilitas:toilet fasilitas:tempat_sampah fasilitas:cctv fasilitas:area_parkir fasilitas:area_makanan_kafetaria_restoran fasilitas:ruang_ibadah fasilitas:area_istirahat_pengunjung
Mengger Kemuning,Alam,7,wisata:alam fasilitas:toilet fasilitas:tempat_sampah fasilitas:cctv fasilitas:area_parkir fasilitas:area_makanan_kafetaria_restoran fasilitas:ruang_ibadah fasilitas:area_istirahat_pengunjung
Pantai Mbuluk,Alam,7,wisata:alam fasilitas:toilet fasilitas:tempat_sampah fasilitas:cctv fasilitas:area_parkir fasilitas:area_makanan_kafetaria_restoran fasilitas:ruang_ibadah fasilitas:area_istirahat_pengunjung
Pantai Bopeso,Alam,7,wisata:alam fasilitas:toilet fasilitas:tempat_sampah fasilitas:cctv fasilitas:area_parkir fasilitas:area_makanan_kafetaria_restoran fasilitas:ruang_ibadah fasilitas:area_istirahat_pengunjung
Pantai Watu Lumbung,Alam,7,wisata:alam fasilitas:toilet fasilitas:tempat_sampah fasilitas:cctv fasilitas:area_parkir fasilitas:area_makanan_kafetaria_restoran fasilitas:ruang_ibadah fasilitas:area_istirahat_pengunjung
Pantai Sedahan,Alam,7,wisata:alam fasilitas:toilet fasilitas:tempat_sampah fasilitas:cctv fasilitas:area_parkir fasilitas:area_makanan_kafetaria_restoran fasilitas:ruang_ibadah fasilitas:area_istirahat_pengunjung
Pantai Wohkudu,Alam,7,wisata:alam fasilitas:toilet fasilitas:tempat_sampah fasilitas:cctv fasilitas:area_parkir fasilitas:area_makanan_kafetaria_restoran fasilitas:ruang_ibadah fasilitas:area_istirahat_pengunjung
Bukit Paralayang Watugupit,Alam,7,wisata:alam fasilitas:toilet fasilitas:tempat_sampah fasilitas:cctv fasilitas:area_parkir fasilitas:area_makanan_kafetaria_restoran fasilitas:ruang_ibadah fasilitas:area_istirahat_pengunjung
Panorama Setro,Alam,7,wisata:alam fasilitas:toilet fasilitas:tempat_sampah fasilitas:cctv fasilitas:area_parkir fasilitas:area_makanan_kafetaria_restoran fasilitas:ruang_ibadah fasilitas:area_istirahat_pengunjung
Museum Andi Bayou ,Budaya,7,wisata:budaya fasilitas:toilet fasilitas:tempat_sampah fasilitas:cctv fasilitas:area_parkir fasilitas:area_makanan_kafetaria_restoran fasilitas:ruang_ibadah fasilitas:area_istirahat_pengunjung
Sungai Mudal,Alam,7,wisata:alam fasilitas:toilet fasilitas:tempat_sampah fasilitas:cctv fasilitas:area_parkir fasilitas:area_makanan_kafetaria_restoran fasilitas:ruang_ibadah fasilitas:area_istirahat_pengunjung
Watu Goyang ,Alam,7,wisata:alam fasilitas:toilet fasilitas:tempat_sampah fasilitas:cctv fasilitas:area_parkir fasilitas:area_makanan_kafetaria_restoran fasilitas:ruang_ibadah fasilitas:area_istirahat_pengunjung
Pantai Siung,Alam,7,wisata:alam fasilitas:toilet fasilitas:tempat_sampah fasilitas:cctv fasilitas:area_parkir fasilitas:area_makanan_kafetaria_restoran fasilitas:ruang_ibadah fasilitas:area_istirahat_pengunjung
Pantai Nampu,Alam,7,wisata:alam fasilitas:toilet fasilitas:tempat_sampah fasilitas:cctv fasilitas:area_parkir fasilitas:area_makanan_kafetaria_restoran fasilitas:ruang_ibadah fasilitas:area_istirahat_pengunjung
Pantai Jungwok,Alam,7,wisata:alam fasilitas:toilet fasilitas:tempat_sampah fasilitas:cctv fasilitas:area_parkir fasilitas:area_makanan_kafetaria_restoran fasilitas:ruang_ibadah fasilitas:area_istirahat_pengunjung
Pantai Nguyahan,Alam,7,wisata:alam fasilitas:toilet fasilitas:tempat_sampah fasilitas:cctv fasilitas:area_parkir fasilitas:area_makanan_kafetaria_restoran fasilitas:ruang_ibadah fasilitas:area_istirahat_pengunjung
Museum Benteng Vredeburg,Sejarah,7,wisata:sejarah fasilitas:toilet fasilitas:tempat_sampah fasilitas:cctv fasilitas:area_parkir fasilitas:area_makanan_kafetaria_restoran fasilitas:ruang_ibadah fasilitas:area_istirahat_pengunjung
Pantai Grigak,Alam,7,wisata:alam fasilitas:toilet fasilitas:tempat_sampah fasilitas:cctv fasilitas:area_parkir fasilitas:area_makanan_kafetaria_restoran fasilitas:ruang_ibadah fasilitas:area_istirahat_pengunjung
Gua Maria Tritis,Budaya,7,wisata:budaya fasilitas:toilet fasilitas:tempat_sampah fasilitas:cctv fasilitas:area_parkir fasilitas:area_makanan_kafetaria_restoran fasilitas:ruang_ibadah fasilitas:area_istirahat_pengunjung
Pantai Watu Kodok,Alam,7,wisata:alam fasilitas:toilet fasilitas:tempat_sampah fasilitas:cctv fasilitas:area_parkir fasilitas:area_makanan_kafetaria_restoran fasilitas:ruang_ibadah fasilitas:area_istirahat_pengunjung
Watu Amben,Alam,7,wisata:alam fasilitas:toilet fasilitas:tempat_sampah fasilitas:cctv fasilitas:area_parkir fasilitas:area_makanan_kafetaria_restoran fasilitas:ruang_ibadah fasilitas:area_istirahat_pengunjung
Bukit Kosakora,Alam,7,wisata:alam fasilitas:toilet fasilitas:tempat_sampah fasilitas:cctv fasilitas:area_parkir fasilitas:area_makanan_kafetaria_restoran fasilitas:ruang_ibadah fasilitas:area_istirahat_pengunjung
Pantai Sadranan,Alam,7,wisata:alam fasilitas:toilet fasilitas:tempat_sampah fasilitas:cctv fasilitas:area_parkir fasilitas:area_makanan_kafetaria_restoran fasilitas:ruang_ibadah fasilitas:area_istirahat_pengunjung
Diorama Arsip Jogja ,Sejarah,7,wisata:sejarah fasilitas:toilet fasilitas:tempat_sampah fasilitas:cctv fasilitas:area_parkir fasilitas:area_makanan_kafetaria_restoran fasilitas:ruang_ibadah fasilitas:area_istirahat_pengunjung
Museum Sonobudoyo,Sejarah,7,wisata:sejarah fasilitas:toilet fasilitas:tempat_sampah fasilitas:cctv fasilitas:area_parkir fasilitas:area_makanan_kafetaria_restoran fasilitas:ruang_ibadah fasilitas:area_istirahat_pengunjung
Nawang Jagad,Alam,7,wisata:alam fasilitas:toilet fasilitas:tempat_sampah fasilitas:cctv fasilitas:area_parkir fasilitas:area_makanan_kafetaria_restoran fasilitas:ruang_ibadah fasilitas:area_istirahat_pengunjung
Pantai Greweng,Alam,7,wisata:alam fasilitas:toilet fasilitas:tempat_sampah fasilitas:cctv fasilitas:area_parkir fasilitas:area_makanan_kafetaria_restoran fasilitas:ruang_ibadah fasilitas:area_istirahat_pengunjung
Museum UGM,Sejarah,7,wisata:sejarah fasilitas:toilet fasilitas:tempat_sampah fasilitas:cctv fasilitas:area_parkir fasilitas:area_makanan_kafetaria_restoran fasilitas:ruang_ibadah fasilitas:area_istirahat_pengunjung
Pantai Seruni,Alam,7,wisata:alam fasilitas:toilet fasilitas:tempat_sampah fasilitas:cctv fasilitas:area_parkir fasilitas:area_makanan_kafetaria_restoran fasilitas:ruang_ibadah fasilitas:area_istirahat_pengunjung
Pantai Krokoh,Alam,7,wisata:alam fasilitas:toilet fasilitas:tempat_sampah fasilitas:cctv fasilitas:area_parkir fasilitas:area_makanan_kafetaria_restoran fasilitas:ruang_ibadah fasilitas:area_istirahat_pengunjung
Pantai Slili,Alam,7,wisata:alam fasilitas:toilet fasilitas:tempat_sampah fasilitas:cctv fasilitas:area_parkir fasilitas:area_makanan_kafetaria_restoran fasilitas:ruang_ibadah fasilitas:area_istirahat_pengunjung
Pantai Krakal,Alam,7,wisata:alam fasilitas:toilet fasilitas:tempat_sampah fasilitas:cctv fasilitas:area_parkir fasilitas:area_makanan_kafetaria_restoran fasilitas:ruang_ibadah fasilitas:area_istirahat_pengunjung
Museum Bank Indonesia,Sejarah,7,wisata:sejarah fasilitas:toilet fasilitas:tempat_sampah fasilitas:cctv fasilitas:area_parkir fasilitas:area_makanan_kafetaria_restoran fasilitas:ruang_ibadah fasilitas:area_istirahat_pengunjung
Sendang Beji,Sejarah,7,wisata:sejarah fasilitas:toilet fasilitas:tempat_sampah fasilitas:cctv fasilitas:area_parkir fasilitas:area_makanan_kafetaria_restoran fasilitas:ruang_ibadah fasilitas:area_istirahat_pengunjung
Pantai Kukup,Alam,7,wisata:alam fasilitas:toilet fasilitas:tempat_sampah fasilitas:cctv fasilitas:area_parkir fasilitas:area_makanan_kafetaria_restoran fasilitas:ruang_ibadah fasilitas:area_istirahat_pengunjung
Pantai Kesirat ,Alam,7,wisata:alam fasilitas:toilet fasilitas:tempat_sampah fasilitas:cctv fasilitas:area_parkir fasilitas:area_makanan_kafetaria_restoran fasilitas:ruang_ibadah fasilitas:area_istirahat_pengunjung
Pantai Ngunggah,Alam,7,wisata:alam fasilitas:toilet fasilitas:tempat_sampah fasilitas:cctv fasilitas:area_parkir fasilitas:area_makanan_kafetaria_restoran fasilitas:ruang_ibadah fasilitas:area_istirahat_pengunjung
Tlogo Muncar ,Alam,7,wisata:alam fasilitas:toilet fasilitas:tempat_sampah fasilitas:cctv fasilitas:area_parkir fasilitas:area_makanan_kafetaria_restoran fasilitas:ruang_ibadah fasilitas:area_istirahat_pengunjung
Gunung Kendil ,Alam,7,wisata:alam fasilitas:toilet fasilitas:tempat_sampah fasilitas:cctv fasilitas:area_parkir fasilitas:area_makanan_kafetaria_restoran fasilitas:ruang_ibadah fasilitas:area_istirahat_pengunjung
Gua Song Gilap Anjani Kenteng ,Alam,7,wisata:alam fasilitas:toilet fasilitas:tempat_sampah fasilitas:cctv fasilitas:area_parkir fasilitas:area_makanan_kafetaria_restoran fasilitas:ruang_ibadah fasilitas:area_istirahat_pengunjung
Hutan Pinus Asri,Alam,7,wisata:alam fasilitas:toilet fasilitas:tempat_sampah fasilitas:cctv fasilitas:area_parkir fasilitas:area_makanan_kafetaria_restoran fasilitas:ruang_ibadah fasilitas:area_istirahat_pengunjung
Pantai Porok,Alam,7,wisata:alam fasilitas:toilet fasilitas:tempat_sampah fasilitas:cctv fasilitas:area_parkir fasilitas:area_makanan_kafetaria_restoran fasilitas:ruang_ibadah fasilitas:area_istirahat_pengunjung
Candi Banyunibo,Sejarah,7,wisata:sejarah fasilitas:toilet fasilitas:tempat_sampah fasilitas:cctv fasilitas:area_parkir fasilitas:area_makanan_kafetaria_restoran fasilitas:ruang_ibadah fasilitas:area_istirahat_pengunjung
Selopamioro Adventure Park,Alam,7,wisata:alam fasilitas:toilet fasilitas:tempat_sampah fasilitas:cctv fasilitas:area_parkir fasilitas:area_makanan_kafetaria_restoran fasilitas:ruang_ibadah fasilitas:area_istirahat_pengunjung
Geoforest Watu Payung Turunan,Alam,7,wisata:alam fasilitas:toilet fasilitas:tempat_sampah fasilitas:cctv fasilitas:area_parkir fasilitas:area_makanan_kafetaria_restoran fasilitas:ruang_ibadah fasilitas:area_istirahat_pengunjung
Pantai Srakung,Alam,7,wisata:alam fasilitas:toilet fasilitas:tempat_sampah fasilitas:cctv fasilitas:area_parkir fasilitas:area_makanan_kafetaria_restoran fasilitas:ruang_ibadah fasilitas:area_istirahat_pengunjung
Pantai Sundak,Alam,7,wisata:alam fasilitas:toilet fasilitas:tempat_sampah fasilitas:cctv fasilitas:area_parkir fasilitas:area_makanan_kafetaria_restoran fasilitas:ruang_ibadah fasilitas:area_istirahat_pengunjung
Pantai Pringjono,Alam,7,wisata:alam fasilitas:toilet fasilitas:tempat_sampah fasilitas:cctv fasilitas:area_parkir fasilitas:area_makanan_kafetaria_restoran fasilitas:ruang_ibadah fasilitas:area_istirahat_pengunjung
Gunung Pinus Pengger,Alam,7,wisata:alam fasilitas:toilet fasilitas:tempat_sampah fasilitas:cctv fasilitas:area_parkir fasilitas:area_makanan_kafetaria_restoran fasilitas:ruang_ibadah fasilitas:area_istirahat_pengunjung
Air Terjun Grojogan Sewu,Alam,7,wisata:alam fasilitas:toilet fasilitas:tempat_sampah fasilitas:cctv fasilitas:area_parkir fasilitas:area_makanan_kafetaria_restoran fasilitas:ruang_ibadah fasilitas:area_istirahat_pengunjung
Kebun Buah Mangunan,Alam,7,wisata:alam fasilitas:toilet fasilitas:tempat_sampah fasilitas:cctv fasilitas:area_parkir fasilitas:area_makanan_kafetaria_restoran fasilitas:ruang_ibadah fasilitas:area_istirahat_pengunjung
Kebun Teh Nglinggo,Alam,7,wisata:alam fasilitas:toilet fasilitas:tempat_sampah fasilitas:cctv fasilitas:area_parkir fasilitas:area_makanan_kafetaria_restoran fasilitas:ruang_ibadah fasilitas:area_istirahat_pengunjung
Tankaman Kaliurang,Alam,7,wisata:alam fasilitas:toilet fasilitas:tempat_sampah fasilitas:cctv fasilitas:area_parkir fasilitas:area_makanan_kafetaria_restoran fasilitas:ruang_ibadah fasilitas:area_istirahat_pengunjung
Pantai Jogan,Alam,7,wisata:alam fasilitas:toilet fasilitas:tempat_sampah fasilitas:cctv fasilitas:area_parkir fasilitas:area_makanan_kafetaria_restoran fasilitas:ruang_ibadah fasilitas:area_istirahat_pengunjung
Pantai Somandeng,Alam,7,wisata:alam fasilitas:toilet fasilitas:tempat_sampah fasilitas:cctv fasilitas:area_parkir fasilitas:area_makanan_kafetaria_restoran fasilitas:ruang_ibadah fasilitas:area_istirahat_pengunjung
Wisata Outbond Gunung Mungker,Alam,7,wisata:alam fasilitas:toilet fasilitas:tempat_sampah fasilitas:cctv fasilitas:area_parkir fasilitas:area_makanan_kafetaria_restoran fasilitas:ruang_ibadah fasilitas:area_istirahat_pengunjung
Gua Jepang ,Sejarah,7,wisata:sejarah fasilitas:toilet fasilitas:tempat_sampah fasilitas:cctv fasilitas:area_parkir fasilitas:area_makanan_kafetaria_restoran fasilitas:ruang_ibadah fasilitas:area_istirahat_pengunjung
Masjid Gedhe Mataram,Sejarah,7,wisata:sejarah fasilitas:toilet fasilitas:tempat_sampah fasilitas:cctv fasilitas:area_parkir fasilitas:area_makanan_kafetaria_restoran fasilitas:ruang_ibadah fasilitas:area_istirahat_pengunjung
Bukit lintang sewu,Alam,7,wisata:alam fasilitas:toilet fasilitas:tempat_sampah fasilitas:cctv fasilitas:area_parkir fasilitas:area_makanan_kafetaria_restoran fasilitas:ruang_ibadah fasilitas:area_istirahat_pengunjung
Puncak Becici,Alam,7,wisata:alam fasilitas:toilet fasilitas:tempat_sampah fasilitas:cctv fasilitas:area_parkir fasilitas:area_makanan_kafetaria_restoran fasilitas:ruang_ibadah fasilitas:area_istirahat_pengunjung
Museum Anaia Alisha,Sejarah,7,wisata:sejarah fasilitas:toilet fasilitas:tempat_sampah fasilitas:cctv fasilitas:area_parkir fasilitas:area_makanan_kafetaria_restoran fasilitas:ruang_ibadah fasilitas:area_istirahat_pengunjung
Makam Girigondo,Sejarah,7,wisata:sejarah fasilitas:toilet fasilitas:tempat_sampah fasilitas:cctv fasilitas:area_parkir fasilitas:area_makanan_kafetaria_restoran fasilitas:ruang_ibadah fasilitas:area_istirahat_pengunjung
Pantai Wediombo,Alam,7,wisata:alam fasilitas:toilet fasilitas:tempat_sampah fasilitas:cctv fasilitas:area_parkir fasilitas:area_makanan_kafetaria_restoran fasilitas:ruang_ibadah fasilitas:area_istirahat_pengunjung
Pantai Nglambor,Alam,7,wisata:alam fasilitas:toilet fasilitas:tempat_sampah fasilitas:cctv fasilitas:area_parkir fasilitas:area_makanan_kafetaria_restoran fasilitas:ruang_ibadah fasilitas:area_istirahat_pengunjung
Gua Gajah Lemahbang ,Alam,7,wisata:alam fasilitas:toilet fasilitas:tempat_sampah fasilitas:cctv fasilitas:area_parkir fasilitas:area_makanan_kafetaria_restoran fasilitas:ruang_ibadah fasilitas:area_istirahat_pengunjung
Puncak Suroloyo,Alam,7,wisata:alam fasilitas:toilet fasilitas:tempat_sampah fasilitas:cctv fasilitas:area_parkir fasilitas:area_makanan_kafetaria_restoran fasilitas:ruang_ibadah fasilitas:area_istirahat_pengunjung
Museum Pendidikan Indonesia,Sejarah,7,wisata:sejarah fasilitas:toilet fasilitas:tempat_sampah fasilitas:cctv fasilitas:area_parkir fasilitas:area_makanan_kafetaria_restoran fasilitas:ruang_ibadah fasilitas:area_istirahat_pengunjung
Bukit Wisata Pule Payung,Alam,7,wisata:alam fasilitas:toilet fasilitas:tempat_sampah fasilitas:cctv fasilitas:area_parkir fasilitas:area_makanan_kafetaria_restoran fasilitas:ruang_ibadah fasilitas:area_istirahat_pengunjung
Puncak Kleco,Alam,7,wisata:alam fasilitas:toilet fasilitas:tempat_sampah fasilitas:cctv fasilitas:area_parkir fasilitas:area_makanan_kafetaria_restoran fasilitas:ruang_ibadah fasilitas:area_istirahat_pengunjung
Candi Barong,Sejarah,7,wisata:sejarah fasilitas:toilet fasilitas:tempat_sampah fasilitas:cctv fasilitas:area_parkir fasilitas:area_makanan_kafetaria_restoran fasilitas:ruang_ibadah fasilitas:area_istirahat_pengunjung
Lembah Kars Mulo (Watu Mabur Lemahbang Rock Cliff),Alam,7,wisata:alam fasilitas:toilet fasilitas:tempat_sampah fasilitas:cctv fasilitas:area_parkir fasilitas:area_makanan_kafetaria_restoran fasilitas:ruang_ibadah fasilitas:area_istirahat_pengunjung
Museum Perjuangan,Sejarah,7,wisata:sejarah fasilitas:toilet fasilitas:tempat_sampah fasilitas:cctv fasilitas:area_parkir fasilitas:area_makanan_kafetaria_restoran fasilitas:ruang_ibadah fasilitas:area_istirahat_pengunjung
Puncak Sosok,Alam,7,wisata:alam fasilitas:toilet fasilitas:tempat_sampah fasilitas:cctv fasilitas:area_parkir fasilitas:area_makanan_kafetaria_restoran fasilitas:ruang_ibadah fasilitas:area_istirahat_pengunjung
Pantai Ngrenehan ,Alam,7,wisata:alam fasilitas:toilet fasilitas:tempat_sampah fasilitas:cctv fasilitas:area_parkir fasilitas:area_makanan_kafetaria_restoran fasilitas:ruang_ibadah fasilitas:area_istirahat_pengunjung
Eks. Pengepul Nila Bulurejo,Sejarah,7,wisata:sejarah fasilitas:toilet fasilitas:tempat_sampah fasilitas:cctv fasilitas:area_parkir fasilitas:area_makanan_kafetaria_restoran fasilitas:ruang_ibadah fasilitas:area_istirahat_pengunjung
Museum Batik,Budaya,7,wisata:budaya fasilitas:toilet fasilitas:tempat_sampah fasilitas:cctv fasilitas:area_parkir fasilitas:area_makanan_kafetaria_restoran fasilitas:ruang_ibadah fasilitas:area_istirahat_pengunjung
Sesar Opak Bukit Mengger,Alam,7,wisata:alam fasilitas:toilet fasilitas:tempat_sampah fasilitas:cctv fasilitas:area_parkir fasilitas:area_makanan_kafetaria_restoran fasilitas:ruang_ibadah fasilitas:area_istirahat_pengunjung
Gunung Gajah ,Alam,7,wisata:alam fasilitas:toilet fasilitas:tempat_sampah fasilitas:cctv fasilitas:area_parkir fasilitas:area_makanan_kafetaria_restoran fasilitas:ruang_ibadah fasilitas:area_istirahat_pengunjung
Monumen Jogja Kembali,Sejarah,7,wisata:sejarah fasilitas:toilet fasilitas:tempat_sampah fasilitas:cctv fasilitas:area_parkir fasilitas:area_makanan_kafetaria_restoran fasilitas:ruang_ibadah fasilitas:area_istirahat_pengunjung
Museum Kereta Kraton/ Museum Wahanarata,Budaya,7,wisata:budaya fasilitas:toilet fasilitas:tempat_sampah fasilitas:cctv fasilitas:area_parkir fasilitas:area_makanan_kafetaria_restoran fasilitas:ruang_ibadah fasilitas:area_istirahat_pengunjung
Pantai Bekah,Alam,7,wisata:alam fasilitas:toilet fasilitas:tempat_sampah fasilitas:cctv fasilitas:area_parkir fasilitas:area_makanan_kafetaria_restoran fasilitas:ruang_ibadah fasilitas:area_istirahat_pengunjung
Gunung Ireng,Alam,7,wisata:alam fasilitas:toilet fasilitas:tempat_sampah fasilitas:cctv fasilitas:area_parkir fasilitas:area_makanan_kafetaria_restoran fasilitas:ruang_ibadah fasilitas:area_istirahat_pengunjung
Museum Memorial Jendral Besar HM Soeharto,Sejarah,7,wisata:sejarah fasilitas:toilet fasilitas:tempat_sampah fasilitas:cctv fasilitas:area_parkir fasilitas:area_makanan_kafetaria_restoran fasilitas:ruang_ibadah fasilitas:area_istirahat_pengunjung
Wisata Alam Kembang Soka ,Alam,7,wisata:alam fasilitas:toilet fasilitas:tempat_sampah fasilitas:cctv fasilitas:area_parkir fasilitas:area_makanan_kafetaria_restoran fasilitas:ruang_ibadah fasilitas:area_istirahat_pengunjung
Sendra Tari Ramayana Ballet (Outdoor),Budaya,7,wisata:budaya fasilitas:toilet fasilitas:tempat_sampah fasilitas:cctv fasilitas:area_parkir fasilitas:area_makanan_kafetaria_restoran fasilitas:ruang_ibadah fasilitas:area_istirahat_pengunjung
Air Terjun Srigethuk,Alam,7,wisata:alam fasilitas:toilet fasilitas:tempat_sampah fasilitas:cctv fasilitas:area_parkir fasilitas:area_makanan_kafetaria_restoran fasilitas:ruang_ibadah fasilitas:area_istirahat_pengunjung
Pantai Parangendog,Alam,7,wisata:alam fasilitas:toilet fasilitas:tempat_sampah fasilitas:cctv fasilitas:area_parkir fasilitas:area_makanan_kafetaria_restoran fasilitas:ruang_ibadah fasilitas:area_istirahat_pengunjung
Museum Peta ,Sejarah,7,wisata:sejarah fasilitas:toilet fasilitas:tempat_sampah fasilitas:cctv fasilitas:area_parkir fasilitas:area_makanan_kafetaria_restoran fasilitas:ruang_ibadah fasilitas:area_istirahat_pengunjung
Gunung Api Purba Nglanggeran,Alam,7,wisata:alam fasilitas:toilet fasilitas:tempat_sampah fasilitas:cctv fasilitas:area_parkir fasilitas:area_makanan_kafetaria_restoran fasilitas:ruang_ibadah fasilitas:area_istirahat_pengunjung
Pantai Drini,Alam,7,wisata:alam fasilitas:toilet fasilitas:tempat_sampah fasilitas:cctv fasilitas:area_parkir fasilitas:area_makanan_kafetaria_restoran fasilitas:ruang_ibadah fasilitas:area_istirahat_pengunjung
Museum Wayang Beber Sekartaji ,Budaya,7,wisata:budaya fasilitas:toilet fasilitas:tempat_sampah fasilitas:cctv fasilitas:area_parkir fasilitas:area_makanan_kafetaria_restoran fasilitas:ruang_ibadah fasilitas:area_istirahat_pengunjung
Air Terjun Kedung Pedut,Alam,7,wisata:alam fasilitas:toilet fasilitas:tempat_sampah fasilitas:cctv fasilitas:area_parkir fasilitas:area_makanan_kafetaria_restoran fasilitas:ruang_ibadah fasilitas:area_istirahat_pengunjung
Pantai Midodaren,Alam,7,wisata:alam fasilitas:toilet fasilitas:tempat_sampah fasilitas:cctv fasilitas:area_parkir fasilitas:area_makanan_kafetaria_restoran fasilitas:ruang_ibadah fasilitas:area_istirahat_pengunjung
Turgo Plawangan,Alam,7,wisata:alam fasilitas:toilet fasilitas:tempat_sampah fasilitas:cctv fasilitas:area_parkir fasilitas:area_makanan_kafetaria_restoran fasilitas:ruang_ibadah fasilitas:area_istirahat_pengunjung
Museum Dirgantara,Sejarah,7,wisata:sejarah fasilitas:toilet fasilitas:tempat_sampah fasilitas:cctv fasilitas:area_parkir fasilitas:area_makanan_kafetaria_restoran fasilitas:ruang_ibadah fasilitas:area_istirahat_pengunjung
Bukit Turgo,Alam,7,wisata:alam fasilitas:toilet fasilitas:tempat_sampah fasilitas:cctv fasilitas:area_parkir fasilitas:area_makanan_kafetaria_restoran fasilitas:ruang_ibadah fasilitas:area_istirahat_pengunjung
Gua Kebon,Alam,7,wisata:alam fasilitas:toilet fasilitas:tempat_sampah fasilitas:cctv fasilitas:area_parkir fasilitas:area_makanan_kafetaria_restoran fasilitas:ruang_ibadah fasilitas:area_istirahat_pengunjung
Museum Pergerakan Wanita Indonesia,Sejarah,7,wisata:sejarah fasilitas:toilet fasilitas:tempat_sampah fasilitas:cctv fasilitas:area_parkir fasilitas:area_makanan_kafetaria_restoran fasilitas:ruang_ibadah fasilitas:area_istirahat_pengunjung
Bukit Mintorogo,Alam,7,wisata:alam fasilitas:toilet fasilitas:tempat_sampah fasilitas:cctv fasilitas:area_parkir fasilitas:area_makanan_kafetaria_restoran fasilitas:ruang_ibadah fasilitas:area_istirahat_pengunjung
Pintu Langit Dahromo,Alam,7,wisata:alam fasilitas:toilet fasilitas:tempat_sampah fasilitas:cctv fasilitas:area_parkir fasilitas:area_makanan_kafetaria_restoran fasilitas:ruang_ibadah fasilitas:area_istirahat_pengunjung
Air Terjun Kembang Soka,Alam,7,wisata:alam fasilitas:toilet fasilitas:tempat_sampah fasilitas:cctv fasilitas:area_parkir fasilitas:area_makanan_kafetaria_restoran fasilitas:ruang_ibadah fasilitas:area_istirahat_pengunjung
Pantai Mlarangan Asri,Alam,7,wisata:alam fasilitas:toilet fasilitas:tempat_sampah fasilitas:cctv fasilitas:area_parkir fasilitas:area_makanan_kafetaria_restoran fasilitas:ruang_ibadah fasilitas:area_istirahat_pengunjung
Pantai Ngandong,Alam,7,wisata:alam fasilitas:toilet fasilitas:tempat_sampah fasilitas:cctv fasilitas:area_parkir fasilitas:area_makanan_kafetaria_restoran fasilitas:ruang_ibadah fasilitas:area_istirahat_pengunjung
Plunyon Kalikuning,Alam,7,wisata:alam fasilitas:toilet fasilitas:tempat_sampah fasilitas:cctv fasilitas:area_parkir fasilitas:area_makanan_kafetaria_restoran fasilitas:ruang_ibadah fasilitas:area_istirahat_pengunjung
Bukit Mojo Gumelem,Alam,7,wisata:alam fasilitas:toilet fasilitas:tempat_sampah fasilitas:cctv fasilitas:area_parkir fasilitas:area_makanan_kafetaria_restoran fasilitas:ruang_ibadah fasilitas:area_istirahat_pengunjung
Pantai Gesing,Alam,7,wisata:alam fasilitas:toilet fasilitas:tempat_sampah fasilitas:cctv fasilitas:area_parkir fasilitas:area_makanan_kafetaria_restoran fasilitas:ruang_ibadah fasilitas:area_istirahat_pengunjung
Tembi Rumah Budaya,Budaya,7,wisata:budaya fasilitas:toilet fasilitas:tempat_sampah fasilitas:cctv fasilitas:area_parkir fasilitas:area_makanan_kafetaria_restoran fasilitas:ruang_ibadah fasilitas:area_istirahat_pengunjung
Taman Nasional Gunung Merapi,Alam,7,wisata:alam fasilitas:toilet fasilitas:tempat_sampah fasilitas:cctv fasilitas:area_parkir fasilitas:area_makanan_kafetaria_restoran fasilitas:ruang_ibadah fasilitas:area_istirahat_pengunjung
Museum Gunung Api Merapi,Sejarah,7,wisata:sejarah fasilitas:toilet fasilitas:tempat_sampah fasilitas:cctv fasilitas:area_parkir fasilitas:area_makanan_kafetaria_restoran fasilitas:ruang_ibadah fasilitas:area_istirahat_pengunjung
Wisata Alam Watu Gendong Beji ,Alam,7,wisata:alam fasilitas:toilet fasilitas:tempat_sampah fasilitas:cctv fasilitas:area_parkir fasilitas:area_makanan_kafetaria_restoran fasilitas:ruang_ibadah fasilitas:area_istirahat_pengunjung
Pantai Sepanjang ,Alam,7,wisata:alam fasilitas:toilet fasilitas:tempat_sampah fasilitas:cctv fasilitas:area_parkir fasilitas:area_makanan_kafetaria_restoran fasilitas:ruang_ibadah fasilitas:area_istirahat_pengunjung
Mangrove Wanatirta,Alam,7,wisata:alam fasilitas:toilet fasilitas:tempat_sampah fasilitas:cctv fasilitas:area_parkir fasilitas:area_makanan_kafetaria_restoran fasilitas:ruang_ibadah fasilitas:area_istirahat_pengunjung
Pantai Parangtritis,Alam,7,wisata:alam fasilitas:toilet fasilitas:tempat_sampah fasilitas:cctv fasilitas:area_parkir fasilitas:area_makanan_kafetaria_restoran fasilitas:ruang_ibadah fasilitas:area_istirahat_pengunjung
Museum Dewantara Kirti Griya,Sejarah,7,wisata:sejarah fasilitas:toilet fasilitas:tempat_sampah fasilitas:cctv fasilitas:area_parkir fasilitas:area_makanan_kafetaria_restoran fasilitas:ruang_ibadah fasilitas:area_istirahat_pengunjung
Pantai Pulang Sawal,Alam,7,wisata:alam fasilitas:toilet fasilitas:tempat_sampah fasilitas:cctv fasilitas:area_parkir fasilitas:area_makanan_kafetaria_restoran fasilitas:ruang_ibadah fasilitas:area_istirahat_pengunjung
Pantai Sarangan,Alam,7,wisata:alam fasilitas:toilet fasilitas:tempat_sampah fasilitas:cctv fasilitas:area_parkir fasilitas:area_makanan_kafetaria_restoran fasilitas:ruang_ibadah fasilitas:area_istirahat_pengunjung
Candi Sari,Sejarah,7,wisata:sejarah fasilitas:toilet fasilitas:tempat_sampah fasilitas:cctv fasilitas:area_parkir fasilitas:area_makanan_kafetaria_restoran fasilitas:ruang_ibadah fasilitas:area_istirahat_pengunjung
Museum Kotagede Intro Living Museum,Sejarah,7,wisata:sejarah fasilitas:toilet fasilitas:tempat_sampah fasilitas:cctv fasilitas:area_parkir fasilitas:area_makanan_kafetaria_restoran fasilitas:ruang_ibadah fasilitas:area_istirahat_pengunjung
Situs Gembirowati,Sejarah,7,wisata:sejarah fasilitas:toilet fasilitas:tempat_sampah fasilitas:cctv fasilitas:area_parkir fasilitas:area_makanan_kafetaria_restoran fasilitas:ruang_ibadah fasilitas:area_istirahat_pengunjung
Pantai Torohudan ,Alam,7,wisata:alam fasilitas:toilet fasilitas:tempat_sampah fasilitas:cctv fasilitas:area_parkir fasilitas:area_makanan_kafetaria_restoran fasilitas:ruang_ibadah fasilitas:area_istirahat_pengunjung
Museum Pleret,Sejarah,7,wisata:sejarah fasilitas:toilet fasilitas:tempat_sampah fasilitas:cctv fasilitas:area_parkir fasilitas:area_makanan_kafetaria_restoran fasilitas:ruang_ibadah fasilitas:area_istirahat_pengunjung
Pantai Ngobaran,Alam,7,wisata:alam fasilitas:toilet fasilitas:tempat_sampah fasilitas:cctv fasilitas:area_parkir fasilitas:area_makanan_kafetaria_restoran fasilitas:ruang_ibadah fasilitas:area_istirahat_pengunjung
Pantai Banyutibo,Alam,7,wisata:alam fasilitas:toilet fasilitas:tempat_sampah fasilitas:cctv fasilitas:area_parkir fasilitas:area_makanan_kafetaria_restoran fasilitas:ruang_ibadah fasilitas:area_istirahat_pengunjung
Wisata Bukit Watugede,Alam,7,wisata:alam fasilitas:toilet fasilitas:tempat_sampah fasilitas:cctv fasilitas:area_parkir fasilitas:area_makanan_kafetaria_restoran fasilitas:ruang_ibadah fasilitas:area_istirahat_pengunjung
Pantai Ngedan ,Alam,7,wisata:alam fasilitas:toilet fasilitas:tempat_sampah fasilitas:cctv fasilitas:area_parkir fasilitas:area_makanan_kafetaria_restoran fasilitas:ruang_ibadah fasilitas:area_istirahat_pengunjung
Pantai Glagah,Alam,7,wisata:alam fasilitas:toilet fasilitas:tempat_sampah fasilitas:cctv fasilitas:area_parkir fasilitas:area_makanan_kafetaria_restoran fasilitas:ruang_ibadah fasilitas:area_istirahat_pengunjung
Pantai Buron,Alam,7,wisata:alam fasilitas:toilet fasilitas:tempat_sampah fasilitas:cctv fasilitas:area_parkir fasilitas:area_makanan_kafetaria_restoran fasilitas:ruang_ibadah fasilitas:area_istirahat_pengunjung
Museum Gerabah Kasongan,Budaya,7,wisata:budaya fasilitas:toilet fasilitas:tempat_sampah fasilitas:cctv fasilitas:area_parkir fasilitas:area_makanan_kafetaria_restoran fasilitas:ruang_ibadah fasilitas:area_istirahat_pengunjung
Candi ijo,Sejarah,7,wisata:sejarah fasilitas:toilet fasilitas:tempat_sampah fasilitas:cctv fasilitas:area_parkir fasilitas:area_makanan_kafetaria_restoran fasilitas:ruang_ibadah fasilitas:area_istirahat_pengunjung
Makam Ki Ageng Giring Sukodono,Sejarah,7,wisata:sejarah fasilitas:toilet fasilitas:tempat_sampah fasilitas:cctv fasilitas:area_parkir fasilitas:area_makanan_kafetaria_restoran fasilitas:ruang_ibadah fasilitas:area_istirahat_pengunjung
Pantai Pandansimo,Alam,7,wisata:alam fasilitas:toilet fasilitas:tempat_sampah fasilitas:cctv fasilitas:area_parkir fasilitas:area_makanan_kafetaria_restoran fasilitas:ruang_ibadah fasilitas:area_istirahat_pengunjung
Potrobayan,Alam,7,wisata:alam fasilitas:toilet fasilitas:tempat_sampah fasilitas:cctv fasilitas:area_parkir fasilitas:area_makanan_kafetaria_restoran fasilitas:ruang_ibadah fasilitas:area_istirahat_pengunjung
Gua Tanding,Alam,7,wisata:alam fasilitas:toilet fasilitas:tempat_sampah fasilitas:cctv fasilitas:area_parkir fasilitas:area_makanan_kafetaria_restoran fasilitas:ruang_ibadah fasilitas:area_istirahat_pengunjung
Candi Gebang,Sejarah,7,wisata:sejarah fasilitas:toilet fasilitas:tempat_sampah fasilitas:cctv fasilitas:area_parkir fasilitas:area_makanan_kafetaria_restoran fasilitas:ruang_ibadah fasilitas:area_istirahat_pengunjung
Mahaloka Paradise ,Alam,7,wisata:alam fasilitas:toilet fasilitas:tempat_sampah fasilitas:cctv fasilitas:area_parkir fasilitas:area_makanan_kafetaria_restoran fasilitas:ruang_ibadah fasilitas:area_istirahat_pengunjung
Museum Biologi,Sejarah,7,wisata:sejarah fasilitas:toilet fasilitas:tempat_sampah fasilitas:cctv fasilitas:area_parkir fasilitas:area_makanan_kafetaria_restoran fasilitas:ruang_ibadah fasilitas:area_istirahat_pengunjung
Gua Cerme,Alam,7,wisata:alam fasilitas:toilet fasilitas:tempat_sampah fasilitas:cctv fasilitas:area_parkir fasilitas:area_makanan_kafetaria_restoran fasilitas:ruang_ibadah fasilitas:area_istirahat_pengunjung
Mangrove Jembatan api- Api,Alam,7,wisata:alam fasilitas:toilet fasilitas:tempat_sampah fasilitas:cctv fasilitas:area_parkir fasilitas:area_makanan_kafetaria_restoran fasilitas:ruang_ibadah fasilitas:area_istirahat_pengunjung
Gedung Agung,Sejarah,7,wisata:sejarah fasilitas:toilet fasilitas:tempat_sampah fasilitas:cctv fasilitas:area_parkir fasilitas:area_makanan_kafetaria_restoran fasilitas:ruang_ibadah fasilitas:area_istirahat_pengunjung
Gardu Pandang Kaliurang,Alam,7,wisata:alam fasilitas:toilet fasilitas:tempat_sampah fasilitas:cctv fasilitas:area_parkir fasilitas:area_makanan_kafetaria_restoran fasilitas:ruang_ibadah fasilitas:area_istirahat_pengunjung
Museum Jendral Sudirman,Sejarah,7,wisata:sejarah fasilitas:toilet fasilitas:tempat_sampah fasilitas:cctv fasilitas:area_parkir fasilitas:area_makanan_kafetaria_restoran fasilitas:ruang_ibadah fasilitas:area_istirahat_pengunjung
Kampung Jelok,Alam,7,wisata:alam fasilitas:toilet fasilitas:tempat_sampah fasilitas:cctv fasilitas:area_parkir fasilitas:area_makanan_kafetaria_restoran fasilitas:ruang_ibadah fasilitas:area_istirahat_pengunjung
Pantai Bidara,Alam,7,wisata:alam fasilitas:toilet fasilitas:tempat_sampah fasilitas:cctv fasilitas:area_parkir fasilitas:area_makanan_kafetaria_restoran fasilitas:ruang_ibadah fasilitas:area_istirahat_pengunjung
Kalisuci Cave Tubing,Alam,7,wisata:alam fasilitas:toilet fasilitas:tempat_sampah fasilitas:cctv fasilitas:area_parkir fasilitas:area_makanan_kafetaria_restoran fasilitas:ruang_ibadah fasilitas:area_istirahat_pengunjung
Museum Geoteknologi Mineral UPN,Sejarah,7,wisata:sejarah fasilitas:toilet fasilitas:tempat_sampah fasilitas:cctv fasilitas:area_parkir fasilitas:area_makanan_kafetaria_restoran fasilitas:ruang_ibadah fasilitas:area_istirahat_pengunjung
Monumen Perjuangan Taruna (Plataran),Sejarah,7,wisata:sejarah fasilitas:toilet fasilitas:tempat_sampah fasilitas:cctv fasilitas:area_parkir fasilitas:area_makanan_kafetaria_restoran fasilitas:ruang_ibadah fasilitas:area_istirahat_pengunjung
Kawasan Gua Cerme,Alam,7,wisata:alam fasilitas:toilet fasilitas:tempat_sampah fasilitas:cctv fasilitas:area_parkir fasilitas:area_makanan_kafetaria_restoran fasilitas:ruang_ibadah fasilitas:area_istirahat_pengunjung
Glamping Menoreh,Alam,7,wisata:alam fasilitas:toilet fasilitas:tempat_sampah fasilitas:cctv fasilitas:area_parkir fasilitas:area_makanan_kafetaria_restoran fasilitas:ruang_ibadah fasilitas:area_istirahat_pengunjung
Gua Ngingrong dan Lembah Karst Ngingrong ,Alam,7,wisata:alam fasilitas:toilet fasilitas:tempat_sampah fasilitas:cctv fasilitas:area_parkir fasilitas:area_makanan_kafetaria_restoran fasilitas:ruang_ibadah fasilitas:area_istirahat_pengunjung
Pantai Watu Lawang,Alam,7,wisata:alam fasilitas:toilet fasilitas:tempat_sampah fasilitas:cctv fasilitas:area_parkir fasilitas:area_makanan_kafetaria_restoran fasilitas:ruang_ibadah fasilitas:area_istirahat_pengunjung
Gua Selarong,Sejarah,7,wisata:sejarah fasilitas:toilet fasilitas:tempat_sampah fasilitas:cctv fasilitas:area_parkir fasilitas:area_makanan_kafetaria_restoran fasilitas:ruang_ibadah fasilitas:area_istirahat_pengunjung
Bunker Kaliadem,Sejarah,7,wisata:sejarah fasilitas:toilet fasilitas:tempat_sampah fasilitas:cctv fasilitas:area_parkir fasilitas:area_makanan_kafetaria_restoran fasilitas:ruang_ibadah fasilitas:area_istirahat_pengunjung
Pantai Sadeng,Alam,7,wisata:alam fasilitas:toilet fasilitas:tempat_sampah fasilitas:cctv fasilitas:area_parkir fasilitas:area_makanan_kafetaria_restoran fasilitas:ruang_ibadah fasilitas:area_istirahat_pengunjung
Museum Dr. Yap Prawirohusodo,Sejarah,7,wisata:sejarah fasilitas:toilet fasilitas:tempat_sampah fasilitas:cctv fasilitas:area_parkir fasilitas:area_makanan_kafetaria_restoran fasilitas:ruang_ibadah fasilitas:area_istirahat_pengunjung
Petilasan Gunung Gambar ,Sejarah,7,wisata:sejarah fasilitas:toilet fasilitas:tempat_sampah fasilitas:cctv fasilitas:area_parkir fasilitas:area_makanan_kafetaria_restoran fasilitas:ruang_ibadah fasilitas:area_istirahat_pengunjung
Ayunan Langit,Alam,7,wisata:alam fasilitas:toilet fasilitas:tempat_sampah fasilitas:cctv fasilitas:area_parkir fasilitas:area_makanan_kafetaria_restoran fasilitas:ruang_ibadah fasilitas:area_istirahat_pengunjung
Pantai Sanglen,Alam,7,wisata:alam fasilitas:toilet fasilitas:tempat_sampah fasilitas:cctv fasilitas:area_parkir fasilitas:area_makanan_kafetaria_restoran fasilitas:ruang_ibadah fasilitas:area_istirahat_pengunjung
Wisata Alam Kalibiru,Alam,7,wisata:alam fasilitas:toilet fasilitas:tempat_sampah fasilitas:cctv fasilitas:area_parkir fasilitas:area_makanan_kafetaria_restoran fasilitas:ruang_ibadah fasilitas:area_istirahat_pengunjung
Keraton Ratu Boko,Sejarah,7,wisata:sejarah fasilitas:toilet fasilitas:tempat_sampah fasilitas:cctv fasilitas:area_parkir fasilitas:area_makanan_kafetaria_restoran fasilitas:ruang_ibadah fasilitas:area_istirahat_pengunjung
Gua Kiskendo,Alam,7,wisata:alam fasilitas:toilet fasilitas:tempat_sampah fasilitas:cctv fasilitas:area_parkir fasilitas:area_makanan_kafetaria_restoran fasilitas:ruang_ibadah fasilitas:area_istirahat_pengunjung
Wunung Giriselokondo ,Alam,7,wisata:alam fasilitas:toilet fasilitas:tempat_sampah fasilitas:cctv fasilitas:area_parkir fasilitas:area_makanan_kafetaria_restoran fasilitas:ruang_ibadah fasilitas:area_istirahat_pengunjung
Situs Surocolo/ Gua Sunan Mas,Sejarah,7,wisata:sejarah fasilitas:toilet fasilitas:tempat_sampah fasilitas:cctv fasilitas:area_parkir fasilitas:area_makanan_kafetaria_restoran fasilitas:ruang_ibadah fasilitas:area_istirahat_pengunjung
Kebun Teh Tritis ,Alam,7,wisata:alam fasilitas:toilet fasilitas:tempat_sampah fasilitas:cctv fasilitas:area_parkir fasilitas:area_makanan_kafetaria_restoran fasilitas:ruang_ibadah fasilitas:area_istirahat_pengunjung
Hutan Mangrove Kadilangu,Alam,7,wisata:alam fasilitas:toilet fasilitas:tempat_sampah fasilitas:cctv fasilitas:area_parkir fasilitas:area_makanan_kafetaria_restoran fasilitas:ruang_ibadah fasilitas:area_istirahat_pengunjung
Blue Lagoon,Alam,7,wisata:alam fasilitas:toilet fasilitas:tempat_sampah fasilitas:cctv fasilitas:area_parkir fasilitas:area_makanan_kafetaria_restoran fasilitas:ruang_ibadah fasilitas:area_istirahat_pengunjung
Kawasan Hutan Wanasadi,Alam,7,wisata:alam fasilitas:toilet fasilitas:tempat_sampah fasilitas:cctv fasilitas:area_parkir fasilitas:area_makanan_kafetaria_restoran fasilitas:ruang_ibadah fasilitas:area_istirahat_pengunjung
Makam Raja-Raja Imogiri,Sejarah,7,wisata:sejarah fasilitas:toilet fasilitas:tempat_sampah fasilitas:cctv fasilitas:area_parkir fasilitas:area_makanan_kafetaria_restoran fasilitas:ruang_ibadah fasilitas:area_istirahat_pengunjung
Wisata Alam Kedung Banteng ,Alam,7,wisata:alam fasilitas:toilet fasilitas:tempat_sampah fasilitas:cctv fasilitas:area_parkir fasilitas:area_makanan_kafetaria_restoran fasilitas:ruang_ibadah fasilitas:area_istirahat_pengunjung
Bukit Klangon,Alam,7,wisata:alam fasilitas:toilet fasilitas:tempat_sampah fasilitas:cctv fasilitas:area_parkir fasilitas:area_makanan_kafetaria_restoran fasilitas:ruang_ibadah fasilitas:area_istirahat_pengunjung
Petilasan Kembang Lampir,Sejarah,7,wisata:sejarah fasilitas:toilet fasilitas:tempat_sampah fasilitas:cctv fasilitas:area_parkir fasilitas:area_makanan_kafetaria_restoran fasilitas:ruang_ibadah fasilitas:area_istirahat_pengunjung
Tahura Bunder,Alam,7,wisata:alam fasilitas:toilet fasilitas:tempat_sampah fasilitas:cctv fasilitas:area_parkir fasilitas:area_makanan_kafetaria_restoran fasilitas:ruang_ibadah fasilitas:area_istirahat_pengunjung
Gua Braholo,Sejarah,7,wisata:sejarah fasilitas:toilet fasilitas:tempat_sampah fasilitas:cctv fasilitas:area_parkir fasilitas:area_makanan_kafetaria_restoran fasilitas:ruang_ibadah fasilitas:area_istirahat_pengunjung
Air Terjun Banyunibo,Alam,7,wisata:alam fasilitas:toilet fasilitas:tempat_sampah fasilitas:cctv fasilitas:area_parkir fasilitas:area_makanan_kafetaria_restoran fasilitas:ruang_ibadah fasilitas:area_istirahat_pengunjung
Monumen Museum Pangeran Diponegoro,Sejarah,7,wisata:sejarah fasilitas:toilet fasilitas:tempat_sampah fasilitas:cctv fasilitas:area_parkir fasilitas:area_makanan_kafetaria_restoran fasilitas:ruang_ibadah fasilitas:area_istirahat_pengunjung
Bukit Penguk Kediwung,Alam,7,wisata:alam fasilitas:toilet fasilitas:tempat_sampah fasilitas:cctv fasilitas:area_parkir fasilitas:area_makanan_kafetaria_restoran fasilitas:ruang_ibadah fasilitas:area_istirahat_pengunjung
Pantai Nglolang ,Alam,7,wisata:alam fasilitas:toilet fasilitas:tempat_sampah fasilitas:cctv fasilitas:area_parkir fasilitas:area_makanan_kafetaria_restoran fasilitas:ruang_ibadah fasilitas:area_istirahat_pengunjung
Pantai Baron,Alam,7,wisata:alam fasilitas:toilet fasilitas:tempat_sampah fasilitas:cctv fasilitas:area_parkir fasilitas:area_makanan_kafetaria_restoran fasilitas:ruang_ibadah fasilitas:area_istirahat_pengunjung
Bukit Teletubies ,Alam,7,wisata:alam fasilitas:toilet fasilitas:tempat_sampah fasilitas:cctv fasilitas:area_parkir fasilitas:area_makanan_kafetaria_restoran fasilitas:ruang_ibadah fasilitas:area_istirahat_pengunjung
Taman Sari Kraton Yogyakarta,Budaya,7,wisata:budaya fasilitas:toilet fasilitas:tempat_sampah fasilitas:cctv fasilitas:area_parkir fasilitas:area_makanan_kafetaria_restoran fasilitas:ruang_ibadah fasilitas:area_istirahat_pengunjung
Museum Bahari,Sejarah,7,wisata:sejarah fasilitas:toilet fasilitas:tempat_sampah fasilitas:cctv fasilitas:area_parkir fasilitas:area_makanan_kafetaria_restoran fasilitas:ruang_ibadah fasilitas:area_istirahat_pengunjung
Hutan pendidikan Wanagama ,Alam,7,wisata:alam fasilitas:toilet fasilitas:tempat_sampah fasilitas:cctv fasilitas:area_parkir fasilitas:area_makanan_kafetaria_restoran fasilitas:ruang_ibadah fasilitas:area_istirahat_pengunjung
Pantai Depok,Alam,7,wisata:alam fasilitas:toilet fasilitas:tempat_sampah fasilitas:cctv fasilitas:area_parkir fasilitas:area_makanan_kafetaria_restoran fasilitas:ruang_ibadah fasilitas:area_istirahat_pengunjung
Laguna Pantai Depok,Alam,7,wisata:alam fasilitas:toilet fasilitas:tempat_sampah fasilitas:cctv fasilitas:area_parkir fasilitas:area_makanan_kafetaria_restoran fasilitas:ruang_ibadah fasilitas:area_istirahat_pengunjung
Air Terjun Jurug Gede,Alam,7,wisata:alam fasilitas:toilet fasilitas:tempat_sampah fasilitas:cctv fasilitas:area_parkir fasilitas:area_makanan_kafetaria_restoran fasilitas:ruang_ibadah fasilitas:area_istirahat_pengunjung
Telaga Jonge,Alam,7,wisata:alam fasilitas:toilet fasilitas:tempat_sampah fasilitas:cctv fasilitas:area_parkir fasilitas:area_makanan_kafetaria_restoran fasilitas:ruang_ibadah fasilitas:area_istirahat_pengunjung
Gua Payaman,Alam,7,wisata:alam fasilitas:toilet fasilitas:tempat_sampah fasilitas:cctv fasilitas:area_parkir fasilitas:area_makanan_kafetaria_restoran fasilitas:ruang_ibadah fasilitas:area_istirahat_pengunjung
Museum Sandi,Sejarah,7,wisata:sejarah fasilitas:toilet fasilitas:tempat_sampah fasilitas:cctv fasilitas:area_parkir fasilitas:area_makanan_kafetaria_restoran fasilitas:ruang_ibadah fasilitas:area_istirahat_pengunjung
History Of Java Museum (HOJ),Sejarah,7,wisata:sejarah fasilitas:toilet fasilitas:tempat_sampah fasilitas:cctv fasilitas:area_parkir fasilitas:area_makanan_kafetaria_restoran fasilitas:ruang_ibadah fasilitas:area_istirahat_pengunjung
Museum Taman Tino Sidin,Sejarah,7,wisata:sejarah fasilitas:toilet fasilitas:tempat_sampah fasilitas:cctv fasilitas:area_parkir fasilitas:area_makanan_kafetaria_restoran fasilitas:ruang_ibadah fasilitas:area_istirahat_pengunjung
Pantai Congot,Alam,7,wisata:alam fasilitas:toilet fasilitas:tempat_sampah fasilitas:cctv fasilitas:area_parkir fasilitas:area_makanan_kafetaria_restoran fasilitas:ruang_ibadah fasilitas:area_istirahat_pengunjung
Affandi Museum,Budaya,7,wisata:budaya fasilitas:toilet fasilitas:tempat_sampah fasilitas:cctv fasilitas:area_parkir fasilitas:area_makanan_kafetaria_restoran fasilitas:ruang_ibadah fasilitas:area_istirahat_pengunjung
Wisata Klayar (Desa Wisata),Alam,7,wisata:alam fasilitas:toilet fasilitas:tempat_sampah fasilitas:cctv fasilitas:area_parkir fasilitas:area_makanan_kafetaria_restoran fasilitas:ruang_ibadah fasilitas:area_istirahat_pengunjung
Situs Mangir Ki Ageng,Sejarah,7,wisata:sejarah fasilitas:toilet fasilitas:tempat_sampah fasilitas:cctv fasilitas:area_parkir fasilitas:area_makanan_kafetaria_restoran fasilitas:ruang_ibadah fasilitas:area_istirahat_pengunjung
Museum Rumah Garuda,Sejarah,7,wisata:sejarah fasilitas:toilet fasilitas:tempat_sampah fasilitas:cctv fasilitas:area_parkir fasilitas:area_makanan_kafetaria_restoran fasilitas:ruang_ibadah fasilitas:area_istirahat_pengunjung
Candi Sambisari,Sejarah,7,wisata:sejarah fasilitas:toilet fasilitas:tempat_sampah fasilitas:cctv fasilitas:area_parkir fasilitas:area_makanan_kafetaria_restoran fasilitas:ruang_ibadah fasilitas:area_istirahat_pengunjung
Pantai Pandansari,Alam,7,wisata:alam fasilitas:toilet fasilitas:tempat_sampah fasilitas:cctv fasilitas:area_parkir fasilitas:area_makanan_kafetaria_restoran fasilitas:ruang_ibadah fasilitas:area_istirahat_pengunjung
Pantai Samas,Alam,7,wisata:alam fasilitas:toilet fasilitas:tempat_sampah fasilitas:cctv fasilitas:area_parkir fasilitas:area_makanan_kafetaria_restoran fasilitas:ruang_ibadah fasilitas:area_istirahat_pengunjung
Candi Kedulan,Sejarah,7,wisata:sejarah fasilitas:toilet fasilitas:tempat_sampah fasilitas:cctv fasilitas:area_parkir fasilitas:area_makanan_kafetaria_restoran fasilitas:ruang_ibadah fasilitas:area_istirahat_pengunjung
Gua Maria Sendangsono ,Budaya,7,wisata:budaya fasilitas:toilet fasilitas:tempat_sampah fasilitas:cctv fasilitas:area_parkir fasilitas:area_makanan_kafetaria_restoran fasilitas:ruang_ibadah fasilitas:area_istirahat_pengunjung
Museum Ullen Sentalu,Sejarah,7,wisata:sejarah fasilitas:toilet fasilitas:tempat_sampah fasilitas:cctv fasilitas:area_parkir fasilitas:area_makanan_kafetaria_restoran fasilitas:ruang_ibadah fasilitas:area_istirahat_pengunjung
Lava Bantal,Alam,7,wisata:alam fasilitas:toilet fasilitas:tempat_sampah fasilitas:cctv fasilitas:area_parkir fasilitas:area_makanan_kafetaria_restoran fasilitas:ruang_ibadah fasilitas:area_istirahat_pengunjung
Wisata Wayang Wukirsari,Budaya,7,wisata:budaya fasilitas:toilet fasilitas:tempat_sampah fasilitas:cctv fasilitas:area_parkir fasilitas:area_makanan_kafetaria_restoran fasilitas:ruang_ibadah fasilitas:area_istirahat_pengunjung
Watu Jagal,Alam,7,wisata:alam fasilitas:toilet fasilitas:tempat_sampah fasilitas:cctv fasilitas:area_parkir fasilitas:area_makanan_kafetaria_restoran fasilitas:ruang_ibadah fasilitas:area_istirahat_pengunjung
Museum Gumuk Pasir Parangtritis Geomaritim Science Park,Sejarah,7,wisata:sejarah fasilitas:toilet fasilitas:tempat_sampah fasilitas:cctv fasilitas:area_parkir fasilitas:area_makanan_kafetaria_restoran fasilitas:ruang_ibadah fasilitas:area_istirahat_pengunjung
Pantai Parangkusumo,Alam,7,wisata:alam fasilitas:toilet fasilitas:tempat_sampah fasilitas:cctv fasilitas:area_parkir fasilitas:area_makanan_kafetaria_restoran fasilitas:ruang_ibadah fasilitas:area_istirahat_pengunjung
Museum Serat Holistik Kehidupan Susilawati Susmoni,Budaya,7,wisata:budaya fasilitas:toilet fasilitas:tempat_sampah fasilitas:cctv fasilitas:area_parkir fasilitas:area_makanan_kafetaria_restoran fasilitas:ruang_ibadah fasilitas:area_istirahat_pengunjung
Pantai Gua Cemara,Alam,7,wisata:alam fasilitas:toilet fasilitas:tempat_sampah fasilitas:cctv fasilitas:area_parkir fasilitas:area_makanan_kafetaria_restoran fasilitas:ruang_ibadah fasilitas:area_istirahat_pengunjung
Museum Paleoantropologi,Sejarah,7,wisata:sejarah fasilitas:toilet fasilitas:tempat_sampah fasilitas:cctv fasilitas:area_parkir fasilitas:area_makanan_kafetaria_restoran fasilitas:ruang_ibadah fasilitas:area_istirahat_pengunjung
Museum Bantul Masa Belanda,Sejarah,7,wisata:sejarah fasilitas:toilet fasilitas:tempat_sampah fasilitas:cctv fasilitas:area_parkir fasilitas:area_makanan_kafetaria_restoran fasilitas:ruang_ibadah fasilitas:area_istirahat_pengunjung
Kraton,Budaya,7,wisata:budaya fasilitas:toilet fasilitas:tempat_sampah fasilitas:cctv fasilitas:area_parkir fasilitas:area_makanan_kafetaria_restoran fasilitas:ruang_ibadah fasilitas:area_istirahat_pengunjung
Gua Pindul,Alam,7,wisata:alam fasilitas:toilet fasilitas:tempat_sampah fasilitas:cctv fasilitas:area_parkir fasilitas:area_makanan_kafetaria_restoran fasilitas:ruang_ibadah fasilitas:area_istirahat_pengunjung
Candi Prambanan,Sejarah,7,wisata:sejarah fasilitas:toilet fasilitas:tempat_sampah fasilitas:cctv fasilitas:area_parkir fasilitas:area_makanan_kafetaria_restoran fasilitas:ruang_ibadah fasilitas:area_istirahat_pengunjung
Batu Alien ,Alam,7,wisata:alam fasilitas:toilet fasilitas:tempat_sampah fasilitas:cctv fasilitas:area_parkir fasilitas:area_makanan_kafetaria_restoran fasilitas:ruang_ibadah fasilitas:area_istirahat_pengunjung
Wisata Alam Kali Gowang ,Alam,7,wisata:alam fasilitas:toilet fasilitas:tempat_sampah fasilitas:cctv fasilitas:area_parkir fasilitas:area_makanan_kafetaria_restoran fasilitas:ruang_ibadah fasilitas:area_istirahat_pengunjung
Gua Sriti ,Alam,7,wisata:alam fasilitas:toilet fasilitas:tempat_sampah fasilitas:cctv fasilitas:area_parkir fasilitas:area_makanan_kafetaria_restoran fasilitas:ruang_ibadah fasilitas:area_istirahat_pengunjung
Monumen Pahlawan Pancasila,Sejarah,7,wisata:sejarah fasilitas:toilet fasilitas:tempat_sampah fasilitas:cctv fasilitas:area_parkir fasilitas:area_makanan_kafetaria_restoran fasilitas:ruang_ibadah fasilitas:area_istirahat_pengunjung
Kawasan Konservasi Mangrove Baros,Alam,7,wisata:alam fasilitas:toilet fasilitas:tempat_sampah fasilitas:cctv fasilitas:area_parkir fasilitas:area_makanan_kafetaria_restoran fasilitas:ruang_ibadah fasilitas:area_istirahat_pengunjung
Gua Rencang Kencono,Alam,7,wisata:alam fasilitas:toilet fasilitas:tempat_sampah fasilitas:cctv fasilitas:area_parkir fasilitas:area_makanan_kafetaria_restoran fasilitas:ruang_ibadah fasilitas:area_istirahat_pengunjung
Museum Tani Jawa Indonesia,Sejarah,7,wisata:sejarah fasilitas:toilet fasilitas:tempat_sampah fasilitas:cctv fasilitas:area_parkir fasilitas:area_makanan_kafetaria_restoran fasilitas:ruang_ibadah fasilitas:area_istirahat_pengunjung
Gua Permoni,Alam,7,wisata:alam fasilitas:toilet fasilitas:tempat_sampah fasilitas:cctv fasilitas:area_parkir fasilitas:area_makanan_kafetaria_restoran fasilitas:ruang_ibadah fasilitas:area_istirahat_pengunjung
Candi Kalasan,Sejarah,7,wisata:sejarah fasilitas:toilet fasilitas:tempat_sampah fasilitas:cctv fasilitas:area_parkir fasilitas:area_makanan_kafetaria_restoran fasilitas:ruang_ibadah fasilitas:area_istirahat_pengunjung
Gua Kidang Kencono,Alam,7,wisata:alam fasilitas:toilet fasilitas:tempat_sampah fasilitas:cctv fasilitas:area_parkir fasilitas:area_makanan_kafetaria_restoran fasilitas:ruang_ibadah fasilitas:area_istirahat_pengunjung
Museum Wayang Kekayon,Budaya,7,wisata:budaya fasilitas:toilet fasilitas:tempat_sampah fasilitas:cctv fasilitas:area_parkir fasilitas:area_makanan_kafetaria_restoran fasilitas:ruang_ibadah fasilitas:area_istirahat_pengunjung
Situs Warungboto,Sejarah,7,wisata:sejarah fasilitas:toilet fasilitas:tempat_sampah fasilitas:cctv fasilitas:area_parkir fasilitas:area_makanan_kafetaria_restoran fasilitas:ruang_ibadah fasilitas:area_istirahat_pengunjung
Ndalem Pojokusuman / Pamulangan Beksa Sasminta Mardawa,Budaya,7,wisata:budaya fasilitas:toilet fasilitas:tempat_sampah fasilitas:cctv fasilitas:area_parkir fasilitas:area_makanan_kafetaria_restoran fasilitas:ruang_ibadah fasilitas:area_istirahat_pengunjung
Museum Purbakala Taman Wisata Prambanan,Sejarah,7,wisata:sejarah fasilitas:toilet fasilitas:tempat_sampah fasilitas:cctv fasilitas:area_parkir fasilitas:area_makanan_kafetaria_restoran fasilitas:ruang_ibadah fasilitas:area_istirahat_pengunjung
Pantai Timang,Alam,7,wisata:alam fasilitas:toilet fasilitas:tempat_sampah fasilitas:cctv fasilitas:area_parkir fasilitas:area_makanan_kafetaria_restoran fasilitas:ruang_ibadah fasilitas:area_istirahat_pengunjung
Air Terjun Luweng Sampang,Alam,7,wisata:alam fasilitas:toilet fasilitas:tempat_sampah fasilitas:cctv fasilitas:area_parkir fasilitas:area_makanan_kafetaria_restoran fasilitas:ruang_ibadah fasilitas:area_istirahat_pengunjung
Makam Nyi Ageng Serang ,Sejarah,7,wisata:sejarah fasilitas:toilet fasilitas:tempat_sampah fasilitas:cctv fasilitas:area_parkir fasilitas:area_makanan_kafetaria_restoran fasilitas:ruang_ibadah fasilitas:area_istirahat_pengunjung
Goa Sentono,Sejarah,7,wisata:sejarah fasilitas:toilet fasilitas:tempat_sampah fasilitas:cctv fasilitas:area_parkir fasilitas:area_makanan_kafetaria_restoran fasilitas:ruang_ibadah fasilitas:area_istirahat_pengunjung
Laguna Pantai Trisik dan Pantai Trisik,Alam,7,wisata:alam fasilitas:toilet fasilitas:tempat_sampah fasilitas:cctv fasilitas:area_parkir fasilitas:area_makanan_kafetaria_restoran fasilitas:ruang_ibadah fasilitas:area_istirahat_pengunjung
Gua Jlamprong ,Alam,7,wisata:alam fasilitas:toilet fasilitas:tempat_sampah fasilitas:cctv fasilitas:area_parkir fasilitas:area_makanan_kafetaria_restoran fasilitas:ruang_ibadah fasilitas:area_istirahat_pengunjung
Gunung Gamping,Alam,7,wisata:alam fasilitas:toilet fasilitas:tempat_sampah fasilitas:cctv fasilitas:area_parkir fasilitas:area_makanan_kafetaria_restoran fasilitas:ruang_ibadah fasilitas:area_istirahat_pengunjung
Pantai Bugel Kulon Progo,Alam,7,wisata:alam fasilitas:toilet fasilitas:tempat_sampah fasilitas:cctv fasilitas:area_parkir fasilitas:area_makanan_kafetaria_restoran fasilitas:ruang_ibadah fasilitas:area_istirahat_pengunjung
Arus Progo Rafting ,Alam,7,wisata:alam fasilitas:toilet fasilitas:tempat_sampah fasilitas:cctv fasilitas:area_parkir fasilitas:area_makanan_kafetaria_restoran fasilitas:ruang_ibadah fasilitas:area_istirahat_pengunjung
Museum Terbuka Vulcano Park Bakalan,Sejarah,7,wisata:sejarah fasilitas:toilet fasilitas:tempat_sampah fasilitas:cctv fasilitas:area_parkir fasilitas:area_makanan_kafetaria_restoran fasilitas:ruang_ibadah fasilitas:area_istirahat_pengunjung
Museum Gempa Prof. Dr. Sarwidi,Sejarah,7,wisata:sejarah fasilitas:toilet fasilitas:tempat_sampah fasilitas:cctv fasilitas:area_parkir fasilitas:area_makanan_kafetaria_restoran fasilitas:ruang_ibadah fasilitas:area_istirahat_pengunjung
Pantai Baru,Alam,7,wisata:alam fasilitas:toilet fasilitas:tempat_sampah fasilitas:cctv fasilitas:area_parkir fasilitas:area_makanan_kafetaria_restoran fasilitas:ruang_ibadah fasilitas:area_istirahat_pengunjung
Situs Candi Pelembutan,Sejarah,7,wisata:sejarah fasilitas:toilet fasilitas:tempat_sampah fasilitas:cctv fasilitas:area_parkir fasilitas:area_makanan_kafetaria_restoran fasilitas:ruang_ibadah fasilitas:area_istirahat_pengunjung
Situs Candi Risan,Sejarah,7,wisata:sejarah fasilitas:toilet fasilitas:tempat_sampah fasilitas:cctv fasilitas:area_parkir fasilitas:area_makanan_kafetaria_restoran fasilitas:ruang_ibadah fasilitas:area_istirahat_pengunjung
Watu Giring,Alam,7,wisata:alam fasilitas:toilet fasilitas:tempat_sampah fasilitas:cctv fasilitas:area_parkir fasilitas:area_makanan_kafetaria_restoran fasilitas:ruang_ibadah fasilitas:area_istirahat_pengunjung
Gua Tapan,Alam,7,wisata:alam fasilitas:toilet fasilitas:tempat_sampah fasilitas:cctv fasilitas:area_parkir fasilitas:area_makanan_kafetaria_restoran fasilitas:ruang_ibadah fasilitas:area_istirahat_pengunjung
Makam Raja-Raja Mataram Kotagede ,Sejarah,7,wisata:sejarah fasilitas:toilet fasilitas:tempat_sampah fasilitas:cctv fasilitas:area_parkir fasilitas:area_makanan_kafetaria_restoran fasilitas:ruang_ibadah fasilitas:area_istirahat_pengunjung
Gua Jomblang,Alam,7,wisata:alam fasilitas:toilet fasilitas:tempat_sampah fasilitas:cctv fasilitas:area_parkir fasilitas:area_makanan_kafetaria_restoran fasilitas:ruang_ibadah fasilitas:area_istirahat_pengunjung
Museum Mini Sisa Hartaku,Sejarah,7,wisata:sejarah fasilitas:toilet fasilitas:tempat_sampah fasilitas:cctv fasilitas:area_parkir fasilitas:area_makanan_kafetaria_restoran fasilitas:ruang_ibadah fasilitas:area_istirahat_pengunjung
Pantai Kwaru,Alam,7,wisata:alam fasilitas:toilet fasilitas:tempat_sampah fasilitas:cctv fasilitas:area_parkir fasilitas:area_makanan_kafetaria_restoran fasilitas:ruang_ibadah fasilitas:area_istirahat_pengunjung
Gua Pari,Alam,7,wisata:alam fasilitas:toilet fasilitas:tempat_sampah fasilitas:cctv fasilitas:area_parkir fasilitas:area_makanan_kafetaria_restoran fasilitas:ruang_ibadah fasilitas:area_istirahat_pengunjung
